id,age,income,gender,education,spend_score,customer_since,is_active
1,56,81228,F,PhD,86.84015953943026,2017-12-27,False
2,69,134752,F,PhD,91.41081470309067,2016-12-27,False
3,46,68984,Non-binary,High School,51.62289748723284,2001-12-31,True
4,32,60774,F,Bachelor's,50.65011317403276,2021-12-26,True
5,60,22568,Non-binary,High School,80.03122271771073,2015-12-28,False
6,25,140151,M,PhD,65.34642914699874,2006-12-30,False
7,38,82592,Non-binary,Associate,70.49472084851263,2008-12-29,True
8,56,87563,F,Associate,79.783474274174,2000-12-31,True
9,36,22695,M,Master's,89.11052883993906,2017-12-27,True
10,40,144375,M,High School,34.461520528302046,2007-12-30,True
11,28,68190,M,High School,38.18271231135446,2005-12-30,True
12,28,25258,Non-binary,Master's,10.30421204424603,2002-12-31,False
13,41,107538,F,Master's,58.24973395862122,2019-12-27,False
14,53,59504,M,Master's,4.5582851058774665,2016-12-27,False
15,57,53159,M,PhD,47.09420379511356,2011-12-29,False
16,41,33986,M,High School,54.72181883605008,2009-12-29,True
17,20,81858,Non-binary,PhD,29.367583960700156,2002-12-31,True
18,39,149312,Non-binary,Master's,59.492492796332066,2019-12-27,True
19,19,32666,F,High School,4.019524743965894,2002-12-31,False
20,41,58660,Non-binary,PhD,4.6974706861722275,2008-12-29,False
21,61,23561,M,PhD,82.43745550530616,2003-12-31,True
22,47,46854,F,Master's,36.65887349971503,2007-12-30,True
23,55,84505,M,High School,13.578990752536594,2001-12-31,False
24,19,124488,M,Master's,52.702082745425635,2015-12-28,False
25,38,72251,Non-binary,High School,77.22936175676247,2001-12-31,True
26,50,42662,F,Associate,22.366281722187473,2014-12-28,True
27,29,28392,Non-binary,Bachelor's,62.66615710608102,2002-12-31,False
28,39,50535,Non-binary,Bachelor's,9.449399034383031,2016-12-27,True
29,61,98603,F,Bachelor's,6.116490395692162,2015-12-28,True
30,42,133569,M,Master's,53.60410852524665,2005-12-30,True
31,66,72256,M,Associate,54.52287703940055,2021-12-26,False
32,44,109135,F,High School,64.10556024832245,2003-12-31,False
33,59,147478,M,PhD,72.8830420385435,2010-12-29,False
34,45,55222,F,High School,97.60935586679092,2015-12-28,False
35,33,97373,F,PhD,52.113734481818334,2021-12-26,False
36,32,99575,Non-binary,High School,32.97269082118335,2011-12-29,False
37,64,143684,F,Associate,79.72343328210167,2021-12-26,False
38,68,116354,Non-binary,PhD,27.81239287494535,2001-12-31,True
39,61,104651,M,Master's,44.458170649857976,2007-12-30,True
40,69,83335,M,High School,8.76718175288433,2015-12-28,True
41,20,30965,M,High School,3.5097235981302934,2015-12-28,True
42,54,44538,M,PhD,96.30219305311458,2018-12-27,True
43,68,128066,Non-binary,Master's,83.76203193070837,2014-12-28,True
44,24,90592,M,Master's,69.9014464032761,2020-12-26,True
45,38,118018,F,Associate,41.48634149701272,2011-12-29,False
46,26,133252,F,Master's,18.156137687013732,2017-12-27,False
47,56,28110,F,Master's,16.487267224437517,2015-12-28,True
48,35,99309,Non-binary,Master's,25.77404691829494,2002-12-31,True
49,21,47266,M,Bachelor's,55.373439805905925,2010-12-29,False
50,42,72992,M,Associate,71.74499634730617,2007-12-30,True
51,31,102948,M,High School,66.3595402950554,2017-12-27,True
52,67,142073,Non-binary,PhD,28.71345579764834,2010-12-29,False
53,26,118806,F,High School,95.53166278565621,2007-12-30,True
54,43,26910,F,Associate,74.05179475288108,2005-12-30,False
55,19,130989,M,PhD,55.88105119862867,2012-12-28,True
56,37,110982,F,Associate,61.560353877200875,2018-12-27,False
57,45,141626,F,Master's,42.5404061803512,2017-12-27,False
58,64,139176,Non-binary,PhD,25.525367960614588,2013-12-28,False
59,24,20206,Non-binary,Master's,36.2412951864749,2014-12-28,True
60,61,107054,Non-binary,High School,76.02676493597254,2019-12-27,False
61,25,107897,Non-binary,High School,2.424955374345831,2003-12-31,True
62,64,142409,M,PhD,12.491191410184708,2001-12-31,True
63,52,43419,Non-binary,PhD,5.554261560153522,2010-12-29,True
64,31,70636,F,Associate,5.032151429578043,2018-12-27,True
65,34,142546,M,Associate,85.69059781708971,2019-12-27,False
66,53,134238,F,Master's,70.66212807862235,2002-12-31,False
67,67,70015,F,PhD,47.94320907964519,2019-12-27,True
68,57,137478,F,High School,10.685581904449146,2021-12-26,True
69,21,142096,Non-binary,Associate,49.6699716365664,2014-12-28,False
70,19,127059,Non-binary,Associate,47.873705307276005,2005-12-30,True
71,23,74268,M,High School,18.146985121091504,2011-12-29,False
72,59,130687,M,Associate,43.95131327455933,2019-12-27,True
73,21,107939,Non-binary,Master's,40.45196870533997,2008-12-29,True
74,46,38141,F,PhD,61.96915970716943,2005-12-30,False
75,35,100356,M,High School,63.87427143589674,2012-12-28,True
76,43,125878,Non-binary,PhD,5.4850969674324075,2003-12-31,False
77,61,91910,Non-binary,Associate,38.08664884802065,2001-12-31,True
78,51,76044,Non-binary,Associate,62.960131655709404,2021-12-26,True
79,27,87214,F,High School,50.810489599428685,2009-12-29,True
80,53,137930,Non-binary,Master's,85.79249427764391,2009-12-29,False
81,31,139324,Non-binary,Bachelor's,66.21066953027555,2016-12-27,True
82,48,53827,Non-binary,High School,17.130508281061537,2013-12-28,True
83,65,75820,Non-binary,Bachelor's,7.986305992642555,2010-12-29,True
84,32,82623,M,Bachelor's,64.59950854242524,2007-12-30,True
85,25,101734,M,Master's,3.6246197436205594,2008-12-29,False
86,31,95450,Non-binary,Bachelor's,58.99178254607287,2010-12-29,False
87,40,113426,F,Bachelor's,94.0827939010708,2015-12-28,True
88,57,137845,M,Master's,57.971943609712014,2004-12-30,False
89,38,42299,Non-binary,Bachelor's,39.42882269444567,2005-12-30,True
90,33,63585,M,Bachelor's,64.68553362579297,2012-12-28,True
91,62,129225,M,Bachelor's,46.36703615866015,2011-12-29,True
92,35,84044,F,High School,55.01606214227756,2006-12-30,False
93,64,62557,Non-binary,High School,94.20501606887599,2008-12-29,False
94,41,69080,Non-binary,High School,39.22416114227665,2007-12-30,False
95,43,129556,F,Master's,96.1578658185675,2016-12-27,False
96,42,22693,F,Associate,90.6297135536503,2000-12-31,False
97,62,115003,Non-binary,Bachelor's,20.383322344140346,2003-12-31,False
98,58,115259,Non-binary,Bachelor's,7.86676878664138,2003-12-31,False
99,46,132235,F,Master's,10.977022136365239,2004-12-30,False
100,32,89163,M,Bachelor's,2.803960739503423,2017-12-27,False
